{
  "RK20*": {
    "dt"   : [
      0.009765625, 0.0048828125, 0.00244140625, 0.001220703125, 0.0006103515625, 0.00030517578125
    ],
    "error": [
      0.018761189899419415, 0.009108316499023796, 0.0044932552712463394, 0.002233121015626908, 0.0011134404035255004,
        0.0005559770470260249
    ]
  },
  "RK20" : {
    "dt"   : [
      0.009765625, 0.0048828125, 0.00244140625, 0.001220703125, 0.0006103515625, 0.00030517578125
    ],
    "error": [
      0.008068128911331286, 0.001778049295227816, 0.0004186844224712849, 0.000101760932875301, 2.5079029456950396e-05, 6.298272890370667e-06
    ]
  },
  "RK21" : {
    "dt"   : [
      0.009765625, 0.0048828125, 0.00244140625, 0.001220703125, 0.0006103515625, 0.00030517578125
    ],
    "error": [
      0.00864124775868658, 0.0019593258986254553, 0.00046752769417887364, 0.00011433432249583523, 2.8267498753804226e-05, 7.094215290598933e-06
    ]
  }
}