{
    "RK20*": {
        "dt": [
            0.009765625,
            0.0048828125,
            0.00244140625,
            0.001220703125,
            0.0006103515625,
            0.00030517578125
        ],
        "error": [
            0.018751316851592054,
            0.009102033572602648,
            0.004489959137554382,
            0.0022314536541424655,
            0.001112604130158005,
            0.0005555585313208936
        ]
    },
    "RK20": {
        "dt": [
            0.009765625,
            0.0048828125,
            0.00244140625,
            0.001220703125,
            0.0006103515625,
            0.00030517578125
        ],
        "error": [
            0.008065518467577042,
            0.0017771542245603273,
            0.00041843990462436554,
            0.00010169768209924067,
            2.506299196600771e-05,
            6.294310051199907e-06
        ]
    },
    "RK21": {
        "dt": [
            0.009765625,
            0.0048828125,
            0.00244140625,
            0.001220703125,
            0.0006103515625,
            0.00030517578125
        ],
        "error": [
            0.008643237424320105,
            0.0019598066870399286,
            0.00046764563796538775,
            0.00011436344691856584,
            2.8274763751660935e-05,
            7.096042822710531e-06
        ]
    }
}