{
    "RK300*": {
        "dt": [
            0.009765625,
            0.0048828125,
            0.00244140625,
            0.001220703125,
            0.0006103515625,
            0.00030517578125
        ],
        "error": [
            0.002816518253860506,
            0.005527430223020249,
            0.003642861637469064,
            0.002025183551033267,
            0.001061697852255527,
            0.0005429067969160209
        ]
    },
    "RK300**": {
        "dt": [
            0.009765625,
            0.0048828125,
            0.00244140625,
            0.001220703125,
            0.0006103515625,
            0.00030517578125
        ],
        "error": [
            0.0008230755920495129,
            0.00021808556315200758,
            5.787858962065951e-05,
            1.4983051943881907e-05,
            3.8151277551966405e-06,
            9.627584331334848e-07
        ]
    },
    "RK300": {
        "dt": [
            0.009765625,
            0.0048828125,
            0.00244140625,
            0.001220703125,
            0.0006103515625,
            0.00030517578125
        ],
        "error": [
            0.0004501641589691031,
            4.422273375644854e-05,
            4.999207601122342e-06,
            6.026793450616281e-07,
            7.596543657148668e-08,
            1.4093440952133532e-08
        ]
    },
    "RK301": {
        "dt": [
            0.009765625,
            0.0048828125,
            0.00244140625,
            0.001220703125,
            0.0006103515625,
            0.00030517578125
        ],
        "error": [
            0.0005533795681638592,
            6.266509488920134e-05,
            7.444303787085424e-06,
            9.092198739256846e-07,
            1.1329600493084823e-07,
            1.7401353090836973e-08
        ]
    },
    "RK310": {
        "dt": [
            0.009765625,
            0.0048828125,
            0.00244140625,
            0.001220703125,
            0.0006103515625,
            0.00030517578125
        ],
        "error": [
            0.0004450636506778914,
            4.381427561612012e-05,
            4.974471527657337e-06,
            6.012635391142563e-07,
            7.589222775599728e-08,
            1.4092187781729362e-08
        ]
    },
    "RK311": {
        "dt": [
            0.009765625,
            0.0048828125,
            0.00244140625,
            0.001220703125,
            0.0006103515625,
            0.00030517578125
        ],
        "error": [
            0.0005492124546712895,
            6.227872728420347e-05,
            7.4178206876124985e-06,
            9.075618155018651e-07,
            1.1327391982786096e-07,
            1.749051242259937e-08
        ]
    }
}