{
    "RK20*": {
        "dt": [
            0.001953125,
            0.0009765625,
            0.00048828125,
            0.000244140625,
            0.0001220703125,
            6.103515625e-05,
            3.0517578125e-05
        ],
        "error": [
            0.01879805346637313,
            0.009138472795683132,
            0.004509881623752724,
            0.002241787414147326,
            0.0011178558290539122,
            0.0005582054846339942,
            0.0002789269519848461
        ]
    },
    "RK20": {
        "dt": [
            0.001953125,
            0.0009765625,
            0.00048828125,
            0.000244140625,
            0.0001220703125,
            6.103515625e-05,
            3.0517578125e-05
        ],
        "error": [
            0.008024006035587254,
            0.0017690793837080456,
            0.0004167895445150117,
            0.00010177968492154616,
            2.532808200190417e-05,
            6.556987156859448e-06,
            1.8903339611484357e-06
        ]
    },
    "RK21": {
        "dt": [
            0.001953125,
            0.0009765625,
            0.00048828125,
            0.000244140625,
            0.0001220703125,
            6.103515625e-05,
            3.0517578125e-05
        ],
        "error": [
            0.008594546283790059,
            0.0019497407163064618,
            0.00046549296797235437,
            0.00011429479021345041,
            2.848788192039649e-05,
            7.337380524842095e-06,
            2.0753116838236506e-06
        ]
    }
}