{
    "RK300*": {
        "dt": [
            0.005,
            0.0025,
            0.00125,
            0.000625,
            0.0003125,
            0.00015625,
            7.8125e-05
        ],
        "error": [
            0.0037594763574950317,
            0.008954936860263756,
            0.00627678736130063,
            0.00358942853208764,
            0.0019076438988625396,
            0.0009820774213869115,
            0.0004981055721740364
        ]
    },
    "RK300**": {
        "dt": [
            0.005,
            0.0025,
            0.00125,
            0.000625,
            0.0003125,
            0.00015625,
            7.8125e-05
        ],
        "error": [
            0.0005190514233893072,
            0.00027363948374819276,
            8.631724596816624e-05,
            2.381694967262757e-05,
            6.2342214309693136e-06,
            1.593581230658231e-06,
            4.0277561003013735e-07
        ]
    },
    "RK300": {
        "dt": [
            0.005,
            0.0025,
            0.00125,
            0.000625,
            0.0003125,
            0.00015625,
            7.8125e-05
        ],
        "error": [
            6.78298774586176e-05,
            1.2715191682610657e-05,
            1.9612165590540665e-06,
            2.701456901099416e-07,
            3.5372473610993845e-08,
            4.522997793523743e-09,
            5.717498279240384e-10
        ]
    },
    "RK301": {
        "dt": [
            0.005,
            0.0025,
            0.00125,
            0.000625,
            0.0003125,
            0.00015625,
            7.8125e-05
        ],
        "error": [
            6.191873591491394e-05,
            6.632512513528847e-06,
            7.71393316409666e-07,
            9.327614901574905e-08,
            1.1478576803717908e-08,
            1.4240287108484341e-09,
            1.7734229459804938e-10
        ]
    },
    "RK310": {
        "dt": [
            0.005,
            0.0025,
            0.00125,
            0.000625,
            0.0003125,
            0.00015625,
            7.8125e-05
        ],
        "error": [
            8.959593322637693e-05,
            1.5281309359846003e-05,
            2.215473910792473e-06,
            2.9695771554382845e-07,
            3.8395912916098406e-08,
            4.879967815566635e-09,
            6.150461258774675e-10
        ]
    },
    "RK311": {
        "dt": [
            0.005,
            0.0025,
            0.00125,
            0.000625,
            0.0003125,
            0.00015625,
            7.8125e-05
        ],
        "error": [
            7.306805515191269e-05,
            9.116354408366465e-06,
            1.1386831410046427e-06,
            1.4228867486671394e-07,
            1.7783399663569213e-08,
            2.2227623925874975e-09,
            2.778332583465357e-10
        ]
    }
}