{
  "RK20*": {
    "dt"   : [0.001, 0.0005, 0.00025, 0.000125, 6.25e-05, 3.125e-05],
    "error": [0.003784395492465507, 0.0021471619064876305, 0.0011363331143091518, 0.0005837197504055956, 0.00029573082400032025, 0.0001488309547212317]
  },
  "RK20": {
    "dt"   : [0.001, 0.0005, 0.00025, 0.000125, 6.25e-05, 3.125e-05],
    "error": [0.00027223791067359213, 6.776395038151549e-05, 1.6907709493891666e-05, 4.22297296120224e-06, 1.0552610815082312e-06, 2.6375573916856493e-07]
  },
  "RK21": {
    "dt"   : [0.001, 0.0005, 0.00025, 0.000125, 6.25e-05, 3.125e-05],
    "error": [0.00018782134092224542, 4.633669116389127e-05, 1.1507811593383422e-05, 2.8674679923532687e-06, 7.156851401632827e-07, 1.7877378677174705e-07]
  }
}