{
  "RK300*": {
    "dt"   : [0.001, 0.0005, 0.00025, 0.000125, 6.25e-05, 3.125e-05],
    "error": [0.001661170204555417, 0.0010056318178133551, 0.0005464053415606691, 0.00028407839305652006, 0.00014475542029407753, 7.305642759112063e-05]
  },
  "RK300**": {
    "dt"   : [0.001, 0.0005, 0.00025, 0.000125, 6.25e-05, 3.125e-05],
    "error": [4.326088690919775e-05, 1.2440502424817165e-05, 3.308354166172315e-06, 8.515612017121956e-07, 2.1593045030691584e-07, 5.4361629159152354e-08]
  },
  "RK300": {
    "dt"   : [0.001, 0.0005, 0.00025, 0.000125, 6.25e-05, 3.125e-05],
    "error": [3.751661580411845e-06, 5.084565612006911e-07, 6.601705133875986e-08, 8.404821601137872e-09, 1.0598718792552799e-09, 1.3258792949695227e-10]
  },
  "RK301": {
    "dt"   : [0.001, 0.0005, 0.00025, 0.000125, 6.25e-05, 3.125e-05],
    "error": [2.439978333324352e-06, 3.0279328442252833e-07, 3.7732707690476245e-08, 4.709871953241007e-09, 5.881631425795383e-10, 7.315254530619203e-11]
  },
  "RK310": {
    "dt"   : [0.001, 0.0005, 0.00025, 0.000125, 6.25e-05, 3.125e-05],
    "error": [1.256275323173923e-06, 1.6217142590009203e-07, 2.066372257263383e-08, 2.609236501648134e-09, 3.277531858916603e-10, 4.0884367503900754e-11]
  },
  "RK311": {
    "dt"   : [0.001, 0.0005, 0.00025, 0.000125, 6.25e-05, 3.125e-05],
    "error": [8.519379404348493e-07, 1.0489882883821236e-07, 1.3014054726587419e-08, 1.6206401977978926e-09, 2.0217428101220678e-10, 2.520009315989405e-11]
  }
}