{
    "RK300*": {
        "dt": [
            0.009765625,
            0.0048828125,
            0.00244140625,
            0.001220703125,
            0.0006103515625,
            0.00030517578125
        ],
        "error": [
            0.0028226987870751453,
            0.0055332643500857585,
            0.0036460840333754716,
            0.0020268363649342527,
            0.0010625309200786774,
            0.0005433245614012392
        ]
    },
    "RK300**": {
        "dt": [
            0.009765625,
            0.0048828125,
            0.00244140625,
            0.001220703125,
            0.0006103515625,
            0.00030517578125
        ],
        "error": [
            0.0008215749791981218,
            0.00021737397747437483,
            5.7667461789486874e-05,
            1.4926703854817755e-05,
            3.8006274723096204e-06,
            9.590817747443478e-07
        ]
    },
    "RK300": {
        "dt": [
            0.009765625,
            0.0048828125,
            0.00244140625,
            0.001220703125,
            0.0006103515625,
            0.00030517578125
        ],
        "error": [
            0.00045014252289481333,
            4.421993388788665e-05,
            4.998982309945858e-06,
            6.028182771666331e-07,
            7.597002965696839e-08,
            1.393121155186647e-08
        ]
    },
    "RK301": {
        "dt": [
            0.009765625,
            0.0048828125,
            0.00244140625,
            0.001220703125,
            0.0006103515625,
            0.00030517578125
        ],
        "error": [
            0.0005534116974140497,
            6.267145832369932e-05,
            7.445227949275692e-06,
            9.094447065307868e-07,
            1.1330695219441711e-07,
            1.7254930504154787e-08
        ]
    },
    "RK310": {
        "dt": [
            0.009765625,
            0.0048828125,
            0.00244140625,
            0.001220703125,
            0.0006103515625,
            0.00030517578125
        ],
        "error": [
            0.00044499383026127203,
            4.3803667799662886e-05,
            4.973279580978507e-06,
            6.012868466088356e-07,
            7.588327434539797e-08,
            1.3928967152093735e-08
        ]
    },
    "RK311": {
        "dt": [
            0.009765625,
            0.0048828125,
            0.00244140625,
            0.001220703125,
            0.0006103515625,
            0.00030517578125
        ],
        "error": [
            0.0005492012292849311,
            6.227712409052528e-05,
            7.417649476596361e-06,
            9.076447243984482e-07,
            1.1326908771624913e-07,
            1.7347423686556453e-08
        ]
    }
}