{
    "RK20*": {
        "dt": [
            0.005,
            0.0025,
            0.00125,
            0.000625,
            0.0003125,
            0.00015625,
            7.8125e-05
        ],
        "error": [
            0.013441115205523218,
            0.011379684209631518,
            0.006881006687930085,
            0.003740337721401035,
            0.0019453586982440256,
            0.0009915048934091692,
            0.0005004623069094422
        ]
    },
    "RK20": {
        "dt": [
            0.005,
            0.0025,
            0.00125,
            0.000625,
            0.0003125,
            0.00015625,
            7.8125e-05
        ],
        "error": [
            0.0025146290892150668,
            0.0006443428363647622,
            0.0001657170198995353,
            4.2168129758372165e-05,
            1.0644164670031056e-05,
            2.6744113319003087e-06,
            6.703116084636842e-07
        ]
    },
    "RK21": {
        "dt": [
            0.005,
            0.0025,
            0.00125,
            0.000625,
            0.0003125,
            0.00015625,
            7.8125e-05
        ],
        "error": [
            0.0028912543777828313,
            0.0007306363247554723,
            0.00018376854685264125,
            4.608924624467018e-05,
            1.1541232298028e-05,
            2.887706566006015e-06,
            7.222285463644756e-07
        ]
    }
}